{"boundaryID": "BRA-ADM1-79741978", "boundaryISO": "BRA", "boundaryYear": "2017", "boundaryType": "ADM1", "boundarySource": "OpenStreetMap, Wambacher", "boundaryCanonical": "", "boundaryLicense": "Open Data Commons Open Database License 1.0", "licenseDetail": "Open Data Commons Open Database License 1.0", "licenseSource": "https//www.openstreetmap.org/copyright", "boundarySourceURL": "https//wambachers-osm.website/boundaries/", "sourceDataUpdateDate": "Thu Jan 19 07:31:04 2023", "buildDate": "Jan 23, 2023", "admUnitCount": "27", "meanVertices": "21085.0", "minVertices": "4548", "maxVertices": "90527", "meanPerimeterLengthKM": "4325.3951371411285", "maxPerimeterLengthKM": "13760.993228006591", "minPerimeterLengthKM": "428.80979616382365", "meanAreaSqKM": "314560.38552150433", "minAreaSqKM": "5779.979357579844", "maxAreaSqKM": "1558510.621297635"}